Voter,Affiliation,Forward (1-1),Forward (1-2),Center (1-1),Guard (1-1),Guard (1-2),Forward (2-1),Forward (2-2),Center (2-1),Guard (2-1),Guard (2-2),Forward (3-1),Forward (3-2),Center (3-1),Guard (3-1),Guard (3-2),Year
Aaron Falk,Salt Lake Tribune,"James, LeBron -- CLE","Leonard, Kawhi -- SA","Green, Draymond -- GS","Westbrook, Russell -- OKC","Curry, Stephen -- GS","George, Paul -- IND","Durant, Kevin -- OKC","Horford, Al -- ATL","Paul, Chris -- LAC","Thompson, Klay -- GS","Millsap, Paul -- ATL","Aldridge, LaMarcus -- SA","Cousins, DeMarcus -- SAC","Lowry, Kyle -- TOR","Lillard, Damian -- POR",2015
Adam Himmelsbach,Boston Globe,"James, LeBron -- CLE","Leonard, Kawhi -- SA","Green, Draymond -- GS","Curry, Stephen -- GS","Westbrook, Russell -- OKC","Durant, Kevin -- OKC","George, Paul -- IND","Cousins, DeMarcus -- SAC","Lowry, Kyle -- TOR","Paul, Chris -- LAC","Thompson, Klay -- GS","Aldridge, LaMarcus -- SA","Drummond, Andre -- DET","Lillard, Damian -- POR","Thomas, Isaiah -- BOS",2015
Adrian Chavarria,KEYH 850 AM,"Leonard, Kawhi -- SA","James, LeBron -- CLE","Jordan, DeAndre -- LAC","Westbrook, Russell -- OKC","Curry, Stephen -- GS","Durant, Kevin -- OKC","George, Paul -- IND","Drummond, Andre -- DET","Harden, James -- HOU","Lowry, Kyle -- TOR","Thompson, Klay -- GS","Butler, Jimmy -- CHI","Cousins, DeMarcus -- SAC","DeRozan, DeMar -- TOR","Lillard, Damian -- POR",2015
Al Iannazzone,Newsday,"Leonard, Kawhi -- SA","James, LeBron -- CLE","Cousins, DeMarcus -- SAC","Curry, Stephen -- GS","Westbrook, Russell -- OKC","Green, Draymond -- GS","Durant, Kevin -- OKC","Jordan, DeAndre -- LAC","Paul, Chris -- LAC","Lowry, Kyle -- TOR","Aldridge, LaMarcus -- SA","Millsap, Paul -- ATL","Davis, Anthony -- NOP","Thompson, Klay -- GS","Harden, James -- HOU",2015
Alan Horton,WCCO 830-AM,"James, LeBron -- CLE","Leonard, Kawhi -- SA","Green, Draymond -- GS","Curry, Stephen -- GS","Westbrook, Russell -- OKC","Durant, Kevin -- OKC","Millsap, Paul -- ATL","Horford, Al -- ATL","Lowry, Kyle -- TOR","Paul, Chris -- LAC","George, Paul -- IND","Davis, Anthony -- NOP","Cousins, DeMarcus -- SAC","Harden, James -- HOU","Lillard, Damian -- POR",2015
Andre Aldridge,Fox Sports South,"Leonard, Kawhi -- SA","James, LeBron -- CLE","Drummond, Andre -- DET","Curry, Stephen -- GS","Westbrook, Russell -- OKC","Green, Draymond -- GS","Durant, Kevin -- OKC","Jordan, DeAndre -- LAC","Thompson, Klay -- GS","Paul, Chris -- LAC","Millsap, Paul -- ATL","Aldridge, LaMarcus -- SA","Cousins, DeMarcus -- SAC","Lillard, Damian -- POR","Harden, James -- HOU",2015
Andy Vasquez,Bergen Record,"Leonard, Kawhi -- SA","James, LeBron -- CLE","Jordan, DeAndre -- LAC","Westbrook, Russell -- OKC","Curry, Stephen -- GS","Durant, Kevin -- OKC","Green, Draymond -- GS","Horford, Al -- ATL","Paul, Chris -- LAC","Lowry, Kyle -- TOR","Aldridge, LaMarcus -- SA","George, Paul -- IND","Towns, Karl-Anthony -- MIN","Lillard, Damian -- POR","Thompson, Klay -- GS",2015
Anthony Slater,The Oklahoman,"Leonard, Kawhi -- SA","James, LeBron -- CLE","Jordan, DeAndre -- LAC","Curry, Stephen -- GS","Westbrook, Russell -- OKC","Green, Draymond -- GS","Durant, Kevin -- OKC","Cousins, DeMarcus -- SAC","Paul, Chris -- LAC","Lowry, Kyle -- TOR","George, Paul -- IND","Millsap, Paul -- ATL","Towns, Karl-Anthony -- MIN","Thompson, Klay -- GS","Lillard, Damian -- POR",2015
Antonio Harvey,Fox Sports Radio/620AM,"James, LeBron -- CLE","Leonard, Kawhi -- SA","Davis, Anthony -- NOP","Westbrook, Russell -- OKC","Curry, Stephen -- GS","Green, Draymond -- GS","Aldridge, LaMarcus -- SA","Drummond, Andre -- DET","Thompson, Klay -- GS","Lillard, Damian -- POR","Millsap, Paul -- ATL","Nowitzki, Dirk -- DAL","Jordan, DeAndre -- LAC","DeRozan, DeMar -- TOR","Lowry, Kyle -- TOR",2015
Bill Land,Fox Sports Southwest,"James, LeBron -- CLE","Leonard, Kawhi -- SA","Cousins, DeMarcus -- SAC","Curry, Stephen -- GS","Westbrook, Russell -- OKC","Durant, Kevin -- OKC","Green, Draymond -- GS","Jordan, DeAndre -- LAC","Paul, Chris -- LAC","Lillard, Damian -- POR","Aldridge, LaMarcus -- SA","George, Paul -- IND","Drummond, Andre -- DET","Thompson, Klay -- GS","Lowry, Kyle -- TOR",2015
Bill Oram,Orange County Register,"James, LeBron -- CLE","Leonard, Kawhi -- SA","Jordan, DeAndre -- LAC","Curry, Stephen -- GS","Westbrook, Russell -- OKC","Green, Draymond -- GS","Durant, Kevin -- OKC","Horford, Al -- ATL","Paul, Chris -- LAC","Thompson, Klay -- GS","Aldridge, LaMarcus -- SA","George, Paul -- IND","Towns, Karl-Anthony -- MIN","Lowry, Kyle -- TOR","Lillard, Damian -- POR",2015
Bill Reiter,CBSSports.com,"James, LeBron -- CLE","Leonard, Kawhi -- SA","Green, Draymond -- GS","Curry, Stephen -- GS","Westbrook, Russell -- OKC","George, Paul -- IND","Durant, Kevin -- OKC","Towns, Karl-Anthony -- MIN","Paul, Chris -- LAC","Thompson, Klay -- GS","Butler, Jimmy -- CHI","Millsap, Paul -- ATL","Cousins, DeMarcus -- SAC","Lillard, Damian -- POR","Lowry, Kyle -- TOR",2015
Bill Schoening,WOAI Radio,"James, LeBron -- CLE","Leonard, Kawhi -- SA","Jordan, DeAndre -- LAC","Curry, Stephen -- GS","Westbrook, Russell -- OKC","Durant, Kevin -- OKC","Green, Draymond -- GS","Horford, Al -- ATL","Lillard, Damian -- POR","Paul, Chris -- LAC","Davis, Anthony -- NOP","Aldridge, LaMarcus -- SA","Cousins, DeMarcus -- SAC","Lowry, Kyle -- TOR","Thompson, Klay -- GS",2015
Bill Simmons,Bill Simmons Podcast/HBO,"James, LeBron -- CLE","Leonard, Kawhi -- SA","Green, Draymond -- GS","Curry, Stephen -- GS","Paul, Chris -- LAC","Durant, Kevin -- OKC","Millsap, Paul -- ATL","Aldridge, LaMarcus -- SA","Westbrook, Russell -- OKC","Lowry, Kyle -- TOR","George, Paul -- IND","Thompson, Klay -- GS","Towns, Karl-Anthony -- MIN","Harden, James -- HOU","Lillard, Damian -- POR",2015
Bill Wennington,ESPN AM 1000,"Durant, Kevin -- OKC","James, LeBron -- CLE","Cousins, DeMarcus -- SAC","Curry, Stephen -- GS","Westbrook, Russell -- OKC","Green, Draymond -- GS","Leonard, Kawhi -- SA","Towns, Karl-Anthony -- MIN","Thompson, Klay -- GS","Lillard, Damian -- POR","George, Paul -- IND","Anthony, Carmelo -- NYK","Jordan, DeAndre -- LAC","Walker, Kemba -- CHA","Harden, James -- HOU",2015
Bob Rathbun,Fox Sports South,"James, LeBron -- CLE","Leonard, Kawhi -- SA","Jordan, DeAndre -- LAC","Curry, Stephen -- GS","Westbrook, Russell -- OKC","Durant, Kevin -- OKC","Green, Draymond -- GS","Drummond, Andre -- DET","Paul, Chris -- LAC","Thompson, Klay -- GS","Millsap, Paul -- ATL","George, Paul -- IND","Horford, Al -- ATL","Lowry, Kyle -- TOR","Lillard, Damian -- POR",2015
Brendan Brown,MSG Network,"James, LeBron -- CLE","Leonard, Kawhi -- SA","Drummond, Andre -- DET","Curry, Stephen -- GS","Westbrook, Russell -- OKC","Durant, Kevin -- OKC","Green, Draymond -- GS","Davis, Anthony -- NOP","Paul, Chris -- LAC","Thompson, Klay -- GS","Aldridge, LaMarcus -- SA","Hayward, Gordon -- UTA","Cousins, DeMarcus -- SAC","Lillard, Damian -- POR","Harden, James -- HOU",2015
Brian Davis,Fox Sports Oklahoma,"Durant, Kevin -- OKC","Leonard, Kawhi -- SA","Green, Draymond -- GS","Curry, Stephen -- GS","Westbrook, Russell -- OKC","James, LeBron -- CLE","Aldridge, LaMarcus -- SA","Jordan, DeAndre -- LAC","Lowry, Kyle -- TOR","Paul, Chris -- LAC","George, Paul -- IND","Davis, Anthony -- NOP","Gasol, Marc -- MEM","Thompson, Klay -- GS","Wall, John -- WAS",2015
Brian Lewis,New York Post,"James, LeBron -- CLE","Leonard, Kawhi -- SA","Cousins, DeMarcus -- SAC","Curry, Stephen -- GS","Westbrook, Russell -- OKC","Green, Draymond -- GS","Durant, Kevin -- OKC","Drummond, Andre -- DET","Paul, Chris -- LAC","Thompson, Klay -- GS","George, Paul -- IND","Davis, Anthony -- NOP","Lopez, Brook -- BKN","Lillard, Damian -- POR","Butler, Jimmy -- CHI",2015
Brian Mahoney,Associated Press,"Leonard, Kawhi -- SA","James, LeBron -- CLE","Green, Draymond -- GS","Curry, Stephen -- GS","Westbrook, Russell -- OKC","Durant, Kevin -- OKC","George, Paul -- IND","Cousins, DeMarcus -- SAC","Paul, Chris -- LAC","Lillard, Damian -- POR","Davis, Anthony -- NOP","Millsap, Paul -- ATL","Jordan, DeAndre -- LAC","Lowry, Kyle -- TOR","Harden, James -- HOU",2015
Brian Windhorst,ESPN.com,"James, LeBron -- CLE","Leonard, Kawhi -- SA","Green, Draymond -- GS","Curry, Stephen -- GS","Westbrook, Russell -- OKC","Durant, Kevin -- OKC","Aldridge, LaMarcus -- SA","Jordan, DeAndre -- LAC","Paul, Chris -- LAC","Thompson, Klay -- GS","Millsap, Paul -- ATL","George, Paul -- IND","Davis, Anthony -- NOP","Lowry, Kyle -- TOR","Lillard, Damian -- POR",2015
Calvin Watkins,ESPN.com Houston,"Durant, Kevin -- OKC","James, LeBron -- CLE","Jordan, DeAndre -- LAC","Westbrook, Russell -- OKC","Curry, Stephen -- GS","Leonard, Kawhi -- SA","Green, Draymond -- GS","Horford, Al -- ATL","Paul, Chris -- LAC","Thompson, Klay -- GS","Davis, Anthony -- NOP","Millsap, Paul -- ATL","Cousins, DeMarcus -- SAC","Harden, James -- HOU","Lillard, Damian -- POR",2015
Candace Buckner,Indianapolis Star,"Durant, Kevin -- OKC","Leonard, Kawhi -- SA","Cousins, DeMarcus -- SAC","Westbrook, Russell -- OKC","Curry, Stephen -- GS","James, LeBron -- CLE","Green, Draymond -- GS","Jordan, DeAndre -- LAC","Harden, James -- HOU","Lowry, Kyle -- TOR","George, Paul -- IND","Aldridge, LaMarcus -- SA","Whiteside, Hassan -- MIA","Lillard, Damian -- POR","Paul, Chris -- LAC",2015
Charles Gardner,Milwaukee Journal Sentinel,"Leonard, Kawhi -- SA","James, LeBron -- CLE","Green, Draymond -- GS","Curry, Stephen -- GS","Westbrook, Russell -- OKC","Aldridge, LaMarcus -- SA","Durant, Kevin -- OKC","Cousins, DeMarcus -- SAC","Lillard, Damian -- POR","Paul, Chris -- LAC","Millsap, Paul -- ATL","George, Paul -- IND","Towns, Karl-Anthony -- MIN","Lowry, Kyle -- TOR","Thompson, Klay -- GS",2015
Chris Broussard,ESPN,"James, LeBron -- CLE","Leonard, Kawhi -- SA","Jordan, DeAndre -- LAC","Curry, Stephen -- GS","Westbrook, Russell -- OKC","Durant, Kevin -- OKC","Green, Draymond -- GS","Whiteside, Hassan -- MIA","Lillard, Damian -- POR","Paul, Chris -- LAC","Aldridge, LaMarcus -- SA","George, Paul -- IND","Towns, Karl-Anthony -- MIN","Harden, James -- HOU","Lowry, Kyle -- TOR",2015
Chris Carrino,WFAN (660),"James, LeBron -- CLE","Durant, Kevin -- OKC","Cousins, DeMarcus -- SAC","Curry, Stephen -- GS","Westbrook, Russell -- OKC","Green, Draymond -- GS","Leonard, Kawhi -- SA","Jordan, DeAndre -- LAC","Lillard, Damian -- POR","Paul, Chris -- LAC","George, Paul -- IND","Millsap, Paul -- ATL","Towns, Karl-Anthony -- MIN","Lowry, Kyle -- TOR","Thompson, Klay -- GS",2015
Chris Dempsey,Denver Post,"Leonard, Kawhi -- SA","James, LeBron -- CLE","Green, Draymond -- GS","Westbrook, Russell -- OKC","Curry, Stephen -- GS","Durant, Kevin -- OKC","George, Paul -- IND","Jordan, DeAndre -- LAC","Paul, Chris -- LAC","Lillard, Damian -- POR","Davis, Anthony -- NOP","Nowitzki, Dirk -- DAL","Cousins, DeMarcus -- SAC","Thompson, Klay -- GS","Lowry, Kyle -- TOR",2015
Chris Denari,Fox Sports Indiana,"James, LeBron -- CLE","Leonard, Kawhi -- SA","Drummond, Andre -- DET","Curry, Stephen -- GS","Westbrook, Russell -- OKC","Durant, Kevin -- OKC","Green, Draymond -- GS","Jordan, DeAndre -- LAC","Paul, Chris -- LAC","Thompson, Klay -- GS","George, Paul -- IND","Aldridge, LaMarcus -- SA","Cousins, DeMarcus -- SAC","DeRozan, DeMar -- TOR","Lillard, Damian -- POR",2015
Chris Marlowe,Altitude Sports & Entertainment,"Leonard, Kawhi -- SA","James, LeBron -- CLE","Cousins, DeMarcus -- SAC","Curry, Stephen -- GS","Westbrook, Russell -- OKC","Green, Draymond -- GS","Durant, Kevin -- OKC","Jordan, DeAndre -- LAC","Paul, Chris -- LAC","Thompson, Klay -- GS","Davis, Anthony -- NOP","George, Paul -- IND","Gasol, Marc -- MEM","Wall, John -- WAS","Walker, Kemba -- CHA",2015
Chris Sheridan,Sheridanhoops.com,"Durant, Kevin -- OKC","James, LeBron -- CLE","Jordan, DeAndre -- LAC","Westbrook, Russell -- OKC","Curry, Stephen -- GS","Leonard, Kawhi -- SA","Green, Draymond -- GS","Horford, Al -- ATL","Lillard, Damian -- POR","Thompson, Klay -- GS","Millsap, Paul -- ATL","Aldridge, LaMarcus -- SA","Whiteside, Hassan -- MIA","Paul, Chris -- LAC","Lowry, Kyle -- TOR",2015
Chuck Cooperstein,ESPN 103.3,"Durant, Kevin -- OKC","James, LeBron -- CLE","Cousins, DeMarcus -- SAC","Curry, Stephen -- GS","Paul, Chris -- LAC","Green, Draymond -- GS","Leonard, Kawhi -- SA","Whiteside, Hassan -- MIA","Westbrook, Russell -- OKC","Lillard, Damian -- POR","Aldridge, LaMarcus -- SA","Millsap, Paul -- ATL","Jordan, DeAndre -- LAC","Harden, James -- HOU","Lowry, Kyle -- TOR",2015
Chuck Swirsky,ESPN AM 1000,"James, LeBron -- CLE","Leonard, Kawhi -- SA","Cousins, DeMarcus -- SAC","Curry, Stephen -- GS","Westbrook, Russell -- OKC","Durant, Kevin -- OKC","George, Paul -- IND","Drummond, Andre -- DET","Lillard, Damian -- POR","Thomas, Isaiah -- BOS","Millsap, Paul -- ATL","Green, Draymond -- GS","Whiteside, Hassan -- MIA","Paul, Chris -- LAC","Harden, James -- HOU",2015
Dan Woike,Orange County Register,"Leonard, Kawhi -- SA","James, LeBron -- CLE","Jordan, DeAndre -- LAC","Westbrook, Russell -- OKC","Curry, Stephen -- GS","Green, Draymond -- GS","Durant, Kevin -- OKC","Cousins, DeMarcus -- SAC","Paul, Chris -- LAC","Thompson, Klay -- GS","Aldridge, LaMarcus -- SA","George, Paul -- IND","Drummond, Andre -- DET","Lillard, Damian -- POR","Lowry, Kyle -- TOR",2015
Dante Marchitelli,Fox Sports Florida,"James, LeBron -- CLE","Leonard, Kawhi -- SA","Drummond, Andre -- DET","Curry, Stephen -- GS","Westbrook, Russell -- OKC","Durant, Kevin -- OKC","Green, Draymond -- GS","Aldridge, LaMarcus -- SA","Lillard, Damian -- POR","Paul, Chris -- LAC","George, Paul -- IND","Towns, Karl-Anthony -- MIN","Cousins, DeMarcus -- SAC","Lowry, Kyle -- TOR","Thompson, Klay -- GS",2015
Dave Johnson,106.7 The Fan,"James, LeBron -- CLE","Leonard, Kawhi -- SA","Jordan, DeAndre -- LAC","Curry, Stephen -- GS","Westbrook, Russell -- OKC","Durant, Kevin -- OKC","Green, Draymond -- GS","Drummond, Andre -- DET","Lillard, Damian -- POR","Paul, Chris -- LAC","Aldridge, LaMarcus -- SA","George, Paul -- IND","Towns, Karl-Anthony -- MIN","Harden, James -- HOU","Lowry, Kyle -- TOR",2015
Dave McMenamin,ESPN.com,"James, LeBron -- CLE","Leonard, Kawhi -- SA","Jordan, DeAndre -- LAC","Curry, Stephen -- GS","Westbrook, Russell -- OKC","Green, Draymond -- GS","Durant, Kevin -- OKC","Horford, Al -- ATL","Lowry, Kyle -- TOR","Paul, Chris -- LAC","George, Paul -- IND","Aldridge, LaMarcus -- SA","Nowitzki, Dirk -- DAL","Thompson, Klay -- GS","Lillard, Damian -- POR",2015
David Aldridge,TNT,"James, LeBron -- CLE","Leonard, Kawhi -- SA","Jordan, DeAndre -- LAC","Westbrook, Russell -- OKC","Curry, Stephen -- GS","Durant, Kevin -- OKC","Green, Draymond -- GS","Horford, Al -- ATL","Paul, Chris -- LAC","Thompson, Klay -- GS","Millsap, Paul -- ATL","Davis, Anthony -- NOP","Duncan, Tim -- SA","Lowry, Kyle -- TOR","Lillard, Damian -- POR",2015
David Mayo,Mlive Media Group,"James, LeBron -- CLE","Leonard, Kawhi -- SA","Cousins, DeMarcus -- SAC","Curry, Stephen -- GS","Westbrook, Russell -- OKC","Durant, Kevin -- OKC","George, Paul -- IND","Jordan, DeAndre -- LAC","Lillard, Damian -- POR","Harden, James -- HOU","Davis, Anthony -- NOP","Green, Draymond -- GS","Drummond, Andre -- DET","Thomas, Isaiah -- BOS","Thompson, Klay -- GS",2015
David Steele,Fox Sports Florida,"James, LeBron -- CLE","Leonard, Kawhi -- SA","Drummond, Andre -- DET","Curry, Stephen -- GS","Westbrook, Russell -- OKC","Durant, Kevin -- OKC","Green, Draymond -- GS","Towns, Karl-Anthony -- MIN","Paul, Chris -- LAC","Lillard, Damian -- POR","George, Paul -- IND","Millsap, Paul -- ATL","Horford, Al -- ATL","Harden, James -- HOU","Lowry, Kyle -- TOR",2015
Diamond Leung,Bay Area News Group,"Leonard, Kawhi -- SA","James, LeBron -- CLE","Green, Draymond -- GS","Curry, Stephen -- GS","Westbrook, Russell -- OKC","Durant, Kevin -- OKC","Aldridge, LaMarcus -- SA","Drummond, Andre -- DET","Lowry, Kyle -- TOR","Paul, Chris -- LAC","Millsap, Paul -- ATL","George, Paul -- IND","Bogut, Andrew -- GS","Thompson, Klay -- GS","Lillard, Damian -- POR",2015
Doris Burke,ESPN,"James, LeBron -- CLE","Leonard, Kawhi -- SA","Green, Draymond -- GS","Curry, Stephen -- GS","Westbrook, Russell -- OKC","Durant, Kevin -- OKC","Millsap, Paul -- ATL","Jordan, DeAndre -- LAC","Paul, Chris -- LAC","Lillard, Damian -- POR","George, Paul -- IND","Horford, Al -- ATL","Cousins, DeMarcus -- SAC","Lowry, Kyle -- TOR","Thompson, Klay -- GS",2015
Doug Smith,The Toronto Star,"Leonard, Kawhi -- SA","James, LeBron -- CLE","Green, Draymond -- GS","Curry, Stephen -- GS","Westbrook, Russell -- OKC","Durant, Kevin -- OKC","George, Paul -- IND","Cousins, DeMarcus -- SAC","Lowry, Kyle -- TOR","Paul, Chris -- LAC","Aldridge, LaMarcus -- SA","Millsap, Paul -- ATL","Jordan, DeAndre -- LAC","Lillard, Damian -- POR","Harden, James -- HOU",2015
Dwain Price,Ft. Worth Star Telegam,"James, LeBron -- CLE","Durant, Kevin -- OKC","Whiteside, Hassan -- MIA","Curry, Stephen -- GS","Westbrook, Russell -- OKC","Leonard, Kawhi -- SA","Green, Draymond -- GS","Drummond, Andre -- DET","Harden, James -- HOU","Paul, Chris -- LAC","Nowitzki, Dirk -- DAL","Davis, Anthony -- NOP","Cousins, DeMarcus -- SAC","Lillard, Damian -- POR","Thomas, Isaiah -- BOS",2015
Eddie Johnson,Fox Sports Arizona,"Durant, Kevin -- OKC","James, LeBron -- CLE","Cousins, DeMarcus -- SAC","Curry, Stephen -- GS","Westbrook, Russell -- OKC","Leonard, Kawhi -- SA","Green, Draymond -- GS","Aldridge, LaMarcus -- SA","Paul, Chris -- LAC","Harden, James -- HOU","Millsap, Paul -- ATL","Nowitzki, Dirk -- DAL","Jordan, DeAndre -- LAC","Thompson, Klay -- GS","Lowry, Kyle -- TOR",2015
Eric Collins,Hornets Radio,"James, LeBron -- CLE","Durant, Kevin -- OKC","Horford, Al -- ATL","Curry, Stephen -- GS","Westbrook, Russell -- OKC","Leonard, Kawhi -- SA","Green, Draymond -- GS","Jordan, DeAndre -- LAC","Harden, James -- HOU","Paul, Chris -- LAC","Aldridge, LaMarcus -- SA","George, Paul -- IND","Drummond, Andre -- DET","Lowry, Kyle -- TOR","Walker, Kemba -- CHA",2015
Eric Hasseltine,92.9 FM ESPN/680 AM ESPN,"Durant, Kevin -- OKC","James, LeBron -- CLE","Cousins, DeMarcus -- SAC","Curry, Stephen -- GS","Westbrook, Russell -- OKC","Leonard, Kawhi -- SA","George, Paul -- IND","Howard, Dwight -- HOU","Paul, Chris -- LAC","Lillard, Damian -- POR","Davis, Anthony -- NOP","Butler, Jimmy -- CHI","Jordan, DeAndre -- LAC","Wall, John -- WAS","Harden, James -- HOU",2015
Eric Reid,Fox Sports Sun,"James, LeBron -- CLE","Leonard, Kawhi -- SA","Jordan, DeAndre -- LAC","Curry, Stephen -- GS","Westbrook, Russell -- OKC","Durant, Kevin -- OKC","Green, Draymond -- GS","Drummond, Andre -- DET","Thompson, Klay -- GS","Paul, Chris -- LAC","Aldridge, LaMarcus -- SA","Millsap, Paul -- ATL","Cousins, DeMarcus -- SAC","Harden, James -- HOU","Lillard, Damian -- POR",2015
Ernie Johnson,TNT,"Leonard, Kawhi -- SA","James, LeBron -- CLE","Jordan, DeAndre -- LAC","Curry, Stephen -- GS","Westbrook, Russell -- OKC","Durant, Kevin -- OKC","Green, Draymond -- GS","Cousins, DeMarcus -- SAC","Lillard, Damian -- POR","Paul, Chris -- LAC","Davis, Anthony -- NOP","George, Paul -- IND","Drummond, Andre -- DET","DeRozan, DeMar -- TOR","Harden, James -- HOU",2015
Fran Blinebury,NBA.com,"James, LeBron -- CLE","Leonard, Kawhi -- SA","Green, Draymond -- GS","Curry, Stephen -- GS","Westbrook, Russell -- OKC","Durant, Kevin -- OKC","George, Paul -- IND","Drummond, Andre -- DET","Lillard, Damian -- POR","Paul, Chris -- LAC","Aldridge, LaMarcus -- SA","Millsap, Paul -- ATL","Towns, Karl-Anthony -- MIN","Thompson, Klay -- GS","Harden, James -- HOU",2015
Frank Isola,Sirius Radio/New York Daily News,"Leonard, Kawhi -- SA","James, LeBron -- CLE","Green, Draymond -- GS","Curry, Stephen -- GS","Westbrook, Russell -- OKC","Durant, Kevin -- OKC","George, Paul -- IND","Jordan, DeAndre -- LAC","Lowry, Kyle -- TOR","Lillard, Damian -- POR","Millsap, Paul -- ATL","Towns, Karl-Anthony -- MIN","Davis, Anthony -- NOP","Paul, Chris -- LAC","Thomas, Isaiah -- BOS",2015
Fred McLeod,Fox Sports Ohio,"James, LeBron -- CLE","Durant, Kevin -- OKC","Cousins, DeMarcus -- SAC","Curry, Stephen -- GS","Westbrook, Russell -- OKC","Leonard, Kawhi -- SA","Davis, Anthony -- NOP","Jordan, DeAndre -- LAC","DeRozan, DeMar -- TOR","Paul, Chris -- LAC","George, Paul -- IND","Green, Draymond -- GS","Drummond, Andre -- DET","Lillard, Damian -- POR","Harden, James -- HOU",2015
Gary Gerould,Comcast SportsNet-CA,"James, LeBron -- CLE","Leonard, Kawhi -- SA","Green, Draymond -- GS","Curry, Stephen -- GS","Westbrook, Russell -- OKC","Davis, Anthony -- NOP","Durant, Kevin -- OKC","Cousins, DeMarcus -- SAC","Paul, Chris -- LAC","Thompson, Klay -- GS","Aldridge, LaMarcus -- SA","Millsap, Paul -- ATL","Jordan, DeAndre -- LAC","Harden, James -- HOU","Lillard, Damian -- POR",2015
Gary Washburn,Boston Globe,"James, LeBron -- CLE","Durant, Kevin -- OKC","Cousins, DeMarcus -- SAC","Westbrook, Russell -- OKC","Curry, Stephen -- GS","George, Paul -- IND","Leonard, Kawhi -- SA","Jordan, DeAndre -- LAC","Harden, James -- HOU","Lowry, Kyle -- TOR","Millsap, Paul -- ATL","Green, Draymond -- GS","Towns, Karl-Anthony -- MIN","Thomas, Isaiah -- BOS","Lillard, Damian -- POR",2015
George Blaha,WMGC / Fox Sports Detroit,"James, LeBron -- CLE","Green, Draymond -- GS","Cousins, DeMarcus -- SAC","Westbrook, Russell -- OKC","Curry, Stephen -- GS","Leonard, Kawhi -- SA","Durant, Kevin -- OKC","Davis, Anthony -- NOP","Paul, Chris -- LAC","Lowry, Kyle -- TOR","George, Paul -- IND","Butler, Jimmy -- CHI","Drummond, Andre -- DET","Wall, John -- WAS","Harden, James -- HOU",2015
Grant Napear,Comcast SportsNet-CA,"Leonard, Kawhi -- SA","James, LeBron -- CLE","Green, Draymond -- GS","Westbrook, Russell -- OKC","Curry, Stephen -- GS","Durant, Kevin -- OKC","George, Paul -- IND","Drummond, Andre -- DET","Thompson, Klay -- GS","Paul, Chris -- LAC","Millsap, Paul -- ATL","Butler, Jimmy -- CHI","Cousins, DeMarcus -- SAC","Lowry, Kyle -- TOR","Lillard, Damian -- POR",2015
Howard Beck,Bleacher Report,"Leonard, Kawhi -- SA","James, LeBron -- CLE","Jordan, DeAndre -- LAC","Curry, Stephen -- GS","Westbrook, Russell -- OKC","Durant, Kevin -- OKC","Green, Draymond -- GS","Whiteside, Hassan -- MIA","Paul, Chris -- LAC","Lowry, Kyle -- TOR","George, Paul -- IND","Thompson, Klay -- GS","Towns, Karl-Anthony -- MIN","Lillard, Damian -- POR","Harden, James -- HOU",2015
Hubie Brown,ESPN,"James, LeBron -- CLE","Leonard, Kawhi -- SA","Jordan, DeAndre -- LAC","Curry, Stephen -- GS","Westbrook, Russell -- OKC","Durant, Kevin -- OKC","Green, Draymond -- GS","Drummond, Andre -- DET","Paul, Chris -- LAC","Thompson, Klay -- GS","Aldridge, LaMarcus -- SA","Davis, Anthony -- NOP","Cousins, DeMarcus -- SAC","Lillard, Damian -- POR","Harden, James -- HOU",2015
Ira Winderman,South Florida Sun Sentinel,"Leonard, Kawhi -- SA","James, LeBron -- CLE","Green, Draymond -- GS","Curry, Stephen -- GS","Westbrook, Russell -- OKC","Millsap, Paul -- ATL","Durant, Kevin -- OKC","Davis, Anthony -- NOP","Harden, James -- HOU","Lillard, Damian -- POR","Horford, Al -- ATL","George, Paul -- IND","Cousins, DeMarcus -- SAC","Thomas, Isaiah -- BOS","Lowry, Kyle -- TOR",2015
Israel Guttierez,ESPN.com,"James, LeBron -- CLE","Green, Draymond -- GS","Jordan, DeAndre -- LAC","Curry, Stephen -- GS","Westbrook, Russell -- OKC","Durant, Kevin -- OKC","Leonard, Kawhi -- SA","Cousins, DeMarcus -- SAC","Harden, James -- HOU","Lillard, Damian -- POR","Aldridge, LaMarcus -- SA","Millsap, Paul -- ATL","Towns, Karl-Anthony -- MIN","Paul, Chris -- LAC","DeRozan, DeMar -- TOR",2015
JA Adande,ESPN.com,"Leonard, Kawhi -- SA","James, LeBron -- CLE","Jordan, DeAndre -- LAC","Curry, Stephen -- GS","Westbrook, Russell -- OKC","Durant, Kevin -- OKC","Green, Draymond -- GS","Horford, Al -- ATL","Thompson, Klay -- GS","Paul, Chris -- LAC","Aldridge, LaMarcus -- SA","Millsap, Paul -- ATL","Drummond, Andre -- DET","Lillard, Damian -- POR","Lowry, Kyle -- TOR",2015
Jason Jones,Sacramento Bee,"Leonard, Kawhi -- SA","James, LeBron -- CLE","Cousins, DeMarcus -- SAC","Westbrook, Russell -- OKC","Curry, Stephen -- GS","Durant, Kevin -- OKC","Green, Draymond -- GS","Drummond, Andre -- DET","Harden, James -- HOU","Paul, Chris -- LAC","Davis, Anthony -- NOP","George, Paul -- IND","Jordan, DeAndre -- LAC","Thomas, Isaiah -- BOS","Lillard, Damian -- POR",2015
Jason Kosmicki,Altitude Radio Network,"James, LeBron -- CLE","Durant, Kevin -- OKC","Green, Draymond -- GS","Westbrook, Russell -- OKC","Curry, Stephen -- GS","Millsap, Paul -- ATL","Leonard, Kawhi -- SA","Cousins, DeMarcus -- SAC","Harden, James -- HOU","Paul, Chris -- LAC","George, Paul -- IND","Davis, Anthony -- NOP","Drummond, Andre -- DET","DeRozan, DeMar -- TOR","Lillard, Damian -- POR",2015
Jason Lloyd,Akron Beacon Journal,"Leonard, Kawhi -- SA","James, LeBron -- CLE","Jordan, DeAndre -- LAC","Westbrook, Russell -- OKC","Curry, Stephen -- GS","Durant, Kevin -- OKC","Green, Draymond -- GS","Horford, Al -- ATL","Lowry, Kyle -- TOR","Paul, Chris -- LAC","Aldridge, LaMarcus -- SA","George, Paul -- IND","Drummond, Andre -- DET","Thompson, Klay -- GS","Lillard, Damian -- POR",2015
Jeff McDonald,San Antonio Express-News,"Leonard, Kawhi -- SA","Durant, Kevin -- OKC","Drummond, Andre -- DET","Westbrook, Russell -- OKC","Curry, Stephen -- GS","James, LeBron -- CLE","Green, Draymond -- GS","Horford, Al -- ATL","Paul, Chris -- LAC","Lowry, Kyle -- TOR","Aldridge, LaMarcus -- SA","George, Paul -- IND","Cousins, DeMarcus -- SAC","Lillard, Damian -- POR","Thompson, Klay -- GS",2015
Jeff Turner,Fox Sports Florida,"James, LeBron -- CLE","Leonard, Kawhi -- SA","Jordan, DeAndre -- LAC","Curry, Stephen -- GS","Westbrook, Russell -- OKC","Durant, Kevin -- OKC","Green, Draymond -- GS","Towns, Karl-Anthony -- MIN","Paul, Chris -- LAC","Lillard, Damian -- POR","Aldridge, LaMarcus -- SA","George, Paul -- IND","Drummond, Andre -- DET","Lowry, Kyle -- TOR","Thomas, Isaiah -- BOS",2015
Jeff Zillgitt,USA Today,"Leonard, Kawhi -- SA","James, LeBron -- CLE","Green, Draymond -- GS","Curry, Stephen -- GS","Westbrook, Russell -- OKC","Durant, Kevin -- OKC","Aldridge, LaMarcus -- SA","Jordan, DeAndre -- LAC","Paul, Chris -- LAC","Lillard, Damian -- POR","George, Paul -- IND","Millsap, Paul -- ATL","Cousins, DeMarcus -- SAC","Lowry, Kyle -- TOR","Thompson, Klay -- GS",2015
Jerry Zgoda,Minneapolis Star Tribune,"Leonard, Kawhi -- SA","James, LeBron -- CLE","Jordan, DeAndre -- LAC","Curry, Stephen -- GS","Westbrook, Russell -- OKC","Durant, Kevin -- OKC","Green, Draymond -- GS","Cousins, DeMarcus -- SAC","Lillard, Damian -- POR","Paul, Chris -- LAC","Davis, Anthony -- NOP","George, Paul -- IND","Drummond, Andre -- DET","Lowry, Kyle -- TOR","Harden, James -- HOU",2015
Jessica Camerato,Comcast SportsNet,"James, LeBron -- CLE","Durant, Kevin -- OKC","Jordan, DeAndre -- LAC","Curry, Stephen -- GS","Westbrook, Russell -- OKC","Leonard, Kawhi -- SA","Green, Draymond -- GS","Drummond, Andre -- DET","Paul, Chris -- LAC","Lillard, Damian -- POR","George, Paul -- IND","Aldridge, LaMarcus -- SA","Cousins, DeMarcus -- SAC","Harden, James -- HOU","Lowry, Kyle -- TOR",2015
Jim Barnett,Comcast SportsNet Bay Area,"Durant, Kevin -- OKC","Leonard, Kawhi -- SA","Green, Draymond -- GS","Curry, Stephen -- GS","James, LeBron -- CLE","Millsap, Paul -- ATL","George, Paul -- IND","Drummond, Andre -- DET","Westbrook, Russell -- OKC","Thompson, Klay -- GS","Griffin, Blake -- LAC","Nowitzki, Dirk -- DAL","Cousins, DeMarcus -- SAC","Lillard, Damian -- POR","DeRozan, DeMar -- TOR",2015
Jim Paschke,Fox Sports Wisconsin,"Leonard, Kawhi -- SA","James, LeBron -- CLE","Cousins, DeMarcus -- SAC","Curry, Stephen -- GS","Westbrook, Russell -- OKC","Green, Draymond -- GS","Durant, Kevin -- OKC","Jordan, DeAndre -- LAC","Thompson, Klay -- GS","Paul, Chris -- LAC","Millsap, Paul -- ATL","George, Paul -- IND","Drummond, Andre -- DET","Harden, James -- HOU","Lillard, Damian -- POR",2015
Jim Petersen,Fox Sports North,"James, LeBron -- CLE","Leonard, Kawhi -- SA","Jordan, DeAndre -- LAC","Westbrook, Russell -- OKC","Curry, Stephen -- GS","Durant, Kevin -- OKC","Green, Draymond -- GS","Cousins, DeMarcus -- SAC","Lowry, Kyle -- TOR","Paul, Chris -- LAC","George, Paul -- IND","Aldridge, LaMarcus -- SA","Towns, Karl-Anthony -- MIN","Thompson, Klay -- GS","Lillard, Damian -- POR",2015
Jody Genessy,Deseret News,"James, LeBron -- CLE","Leonard, Kawhi -- SA","Cousins, DeMarcus -- SAC","Curry, Stephen -- GS","Westbrook, Russell -- OKC","Durant, Kevin -- OKC","Green, Draymond -- GS","Drummond, Andre -- DET","Paul, Chris -- LAC","Lowry, Kyle -- TOR","Millsap, Paul -- ATL","Davis, Anthony -- NOP","Horford, Al -- ATL","Lillard, Damian -- POR","Thompson, Klay -- GS",2015
Joe Freeman,The Oregonian,"Leonard, Kawhi -- SA","James, LeBron -- CLE","Jordan, DeAndre -- LAC","Curry, Stephen -- GS","Westbrook, Russell -- OKC","Durant, Kevin -- OKC","Green, Draymond -- GS","Horford, Al -- ATL","Paul, Chris -- LAC","Lillard, Damian -- POR","Millsap, Paul -- ATL","George, Paul -- IND","Drummond, Andre -- DET","Lowry, Kyle -- TOR","Thompson, Klay -- GS",2015
Joel Meyers,Fox Sports New Orleans,"James, LeBron -- CLE","Durant, Kevin -- OKC","Green, Draymond -- GS","Curry, Stephen -- GS","Westbrook, Russell -- OKC","Leonard, Kawhi -- SA","Millsap, Paul -- ATL","Cousins, DeMarcus -- SAC","Paul, Chris -- LAC","Lillard, Damian -- POR","Davis, Anthony -- NOP","George, Paul -- IND","Whiteside, Hassan -- MIA","Lowry, Kyle -- TOR","Thompson, Klay -- GS",2015
John Krawczynski,Associated Press,"Leonard, Kawhi -- SA","James, LeBron -- CLE","Cousins, DeMarcus -- SAC","Curry, Stephen -- GS","Westbrook, Russell -- OKC","Durant, Kevin -- OKC","Green, Draymond -- GS","Jordan, DeAndre -- LAC","Paul, Chris -- LAC","Lowry, Kyle -- TOR","George, Paul -- IND","Millsap, Paul -- ATL","Towns, Karl-Anthony -- MIN","Lillard, Damian -- POR","Thompson, Klay -- GS",2015
Jon Barry,ESPN Radio,"James, LeBron -- CLE","Durant, Kevin -- OKC","Aldridge, LaMarcus -- SA","Westbrook, Russell -- OKC","Curry, Stephen -- GS","Leonard, Kawhi -- SA","Green, Draymond -- GS","Jordan, DeAndre -- LAC","Paul, Chris -- LAC","Thompson, Klay -- GS","Anthony, Carmelo -- NYK","George, Paul -- IND","Cousins, DeMarcus -- SAC","Lillard, Damian -- POR","Harden, James -- HOU",2015
Jonathan Feigen,Houston Chronicle,"Leonard, Kawhi -- SA","James, LeBron -- CLE","Green, Draymond -- GS","Curry, Stephen -- GS","Westbrook, Russell -- OKC","Durant, Kevin -- OKC","Millsap, Paul -- ATL","Jordan, DeAndre -- LAC","Harden, James -- HOU","Paul, Chris -- LAC","George, Paul -- IND","Davis, Anthony -- NOP","Cousins, DeMarcus -- SAC","Lowry, Kyle -- TOR","Lillard, Damian -- POR",2015
Jose Paneda,WAQI Radio,"Durant, Kevin -- OKC","James, LeBron -- CLE","Cousins, DeMarcus -- SAC","Curry, Stephen -- GS","Westbrook, Russell -- OKC","Green, Draymond -- GS","Leonard, Kawhi -- SA","Whiteside, Hassan -- MIA","Lillard, Damian -- POR","Paul, Chris -- LAC","Millsap, Paul -- ATL","Aldridge, LaMarcus -- SA","Jordan, DeAndre -- LAC","DeRozan, DeMar -- TOR","Harden, James -- HOU",2015
K.C. Johnson,Chicago Tribune,"James, LeBron -- CLE","Leonard, Kawhi -- SA","Jordan, DeAndre -- LAC","Curry, Stephen -- GS","Westbrook, Russell -- OKC","Durant, Kevin -- OKC","Green, Draymond -- GS","Horford, Al -- ATL","Thompson, Klay -- GS","Paul, Chris -- LAC","Aldridge, LaMarcus -- SA","George, Paul -- IND","Drummond, Andre -- DET","Lillard, Damian -- POR","Lowry, Kyle -- TOR",2015
Keith Pompey,Philadelphia Inquirer,"James, LeBron -- CLE","Durant, Kevin -- OKC","Cousins, DeMarcus -- SAC","Curry, Stephen -- GS","Westbrook, Russell -- OKC","Leonard, Kawhi -- SA","George, Paul -- IND","Jordan, DeAndre -- LAC","Wall, John -- WAS","Harden, James -- HOU","Aldridge, LaMarcus -- SA","Davis, Anthony -- NOP","Drummond, Andre -- DET","Lillard, Damian -- POR","Thompson, Klay -- GS",2015
Ken Berger,CBSSports.com,"James, LeBron -- CLE","Leonard, Kawhi -- SA","Green, Draymond -- GS","Curry, Stephen -- GS","Westbrook, Russell -- OKC","Cousins, DeMarcus -- SAC","Durant, Kevin -- OKC","Drummond, Andre -- DET","Paul, Chris -- LAC","Thompson, Klay -- GS","George, Paul -- IND","Millsap, Paul -- ATL","Jordan, DeAndre -- LAC","Lillard, Damian -- POR","Butler, Jimmy -- CHI",2015
Kevin Arnovitz,ESPN.com,"Leonard, Kawhi -- SA","James, LeBron -- CLE","Green, Draymond -- GS","Curry, Stephen -- GS","Paul, Chris -- LAC","Millsap, Paul -- ATL","Durant, Kevin -- OKC","Horford, Al -- ATL","Westbrook, Russell -- OKC","Lowry, Kyle -- TOR","George, Paul -- IND","Davis, Anthony -- NOP","Jordan, DeAndre -- LAC","Lillard, Damian -- POR","Harden, James -- HOU",2015
Kevin Calabro,ESPN Radio,"James, LeBron -- CLE","Leonard, Kawhi -- SA","Jordan, DeAndre -- LAC","Curry, Stephen -- GS","Westbrook, Russell -- OKC","Durant, Kevin -- OKC","Green, Draymond -- GS","Drummond, Andre -- DET","Thompson, Klay -- GS","Paul, Chris -- LAC","George, Paul -- IND","Aldridge, LaMarcus -- SA","Cousins, DeMarcus -- SAC","Harden, James -- HOU","Lillard, Damian -- POR",2015
Lang Whitaker,NBA.com,"James, LeBron -- CLE","Leonard, Kawhi -- SA","Jordan, DeAndre -- LAC","Westbrook, Russell -- OKC","Curry, Stephen -- GS","Durant, Kevin -- OKC","Green, Draymond -- GS","Cousins, DeMarcus -- SAC","Thompson, Klay -- GS","Paul, Chris -- LAC","Millsap, Paul -- ATL","Aldridge, LaMarcus -- SA","Horford, Al -- ATL","Lowry, Kyle -- TOR","Lillard, Damian -- POR",2015
Leo Rautins,SportsNet/TSN,"Leonard, Kawhi -- SA","James, LeBron -- CLE","Green, Draymond -- GS","Westbrook, Russell -- OKC","Curry, Stephen -- GS","Durant, Kevin -- OKC","George, Paul -- IND","Jordan, DeAndre -- LAC","Thompson, Klay -- GS","Lowry, Kyle -- TOR","Millsap, Paul -- ATL","Aldridge, LaMarcus -- SA","Drummond, Andre -- DET","Lillard, Damian -- POR","Paul, Chris -- LAC",2015
Marc Spears,The Undefeated,"James, LeBron -- CLE","Leonard, Kawhi -- SA","Green, Draymond -- GS","Curry, Stephen -- GS","Westbrook, Russell -- OKC","Durant, Kevin -- OKC","George, Paul -- IND","Cousins, DeMarcus -- SAC","Paul, Chris -- LAC","Lillard, Damian -- POR","Davis, Anthony -- NOP","Harden, James -- HOU","Drummond, Andre -- DET","Thompson, Klay -- GS","Lowry, Kyle -- TOR",2015
Marc Stein,ESPN.com,"Leonard, Kawhi -- SA","James, LeBron -- CLE","Green, Draymond -- GS","Curry, Stephen -- GS","Westbrook, Russell -- OKC","Durant, Kevin -- OKC","Millsap, Paul -- ATL","Jordan, DeAndre -- LAC","Paul, Chris -- LAC","Lowry, Kyle -- TOR","George, Paul -- IND","Nowitzki, Dirk -- DAL","Aldridge, LaMarcus -- SA","Thompson, Klay -- GS","Lillard, Damian -- POR",2015
Mark Boyle,107.5/1070 The Fan,"James, LeBron -- CLE","Leonard, Kawhi -- SA","Cousins, DeMarcus -- SAC","Curry, Stephen -- GS","Westbrook, Russell -- OKC","Durant, Kevin -- OKC","Green, Draymond -- GS","Jordan, DeAndre -- LAC","Paul, Chris -- LAC","Harden, James -- HOU","George, Paul -- IND","Towns, Karl-Anthony -- MIN","Drummond, Andre -- DET","Lowry, Kyle -- TOR","Walker, Kemba -- CHA",2015
Mark Followill,TXA-21/Fox Sports Net,"James, LeBron -- CLE","Durant, Kevin -- OKC","Cousins, DeMarcus -- SAC","Curry, Stephen -- GS","Westbrook, Russell -- OKC","Leonard, Kawhi -- SA","Green, Draymond -- GS","Drummond, Andre -- DET","Harden, James -- HOU","Lillard, Damian -- POR","George, Paul -- IND","DeRozan, DeMar -- TOR","Whiteside, Hassan -- MIA","Paul, Chris -- LAC","Thompson, Klay -- GS",2015
Mark Medina,LA Daily News,"Leonard, Kawhi -- SA","James, LeBron -- CLE","Jordan, DeAndre -- LAC","Curry, Stephen -- GS","Westbrook, Russell -- OKC","Green, Draymond -- GS","Durant, Kevin -- OKC","Horford, Al -- ATL","Paul, Chris -- LAC","Thompson, Klay -- GS","Millsap, Paul -- ATL","George, Paul -- IND","Towns, Karl-Anthony -- MIN","Lillard, Damian -- POR","Lowry, Kyle -- TOR",2015
Marv Albert,TNT,"James, LeBron -- CLE","Leonard, Kawhi -- SA","Gasol, Pau -- CHI","Curry, Stephen -- GS","Westbrook, Russell -- OKC","Durant, Kevin -- OKC","Green, Draymond -- GS","Jordan, DeAndre -- LAC","Lillard, Damian -- POR","Paul, Chris -- LAC","George, Paul -- IND","Aldridge, LaMarcus -- SA","Drummond, Andre -- DET","Thompson, Klay -- GS","Harden, James -- HOU",2015
Matt Winer,NBA TV,"James, LeBron -- CLE","Leonard, Kawhi -- SA","Jordan, DeAndre -- LAC","Curry, Stephen -- GS","Westbrook, Russell -- OKC","Durant, Kevin -- OKC","Green, Draymond -- GS","Horford, Al -- ATL","Paul, Chris -- LAC","Thompson, Klay -- GS","Millsap, Paul -- ATL","Davis, Anthony -- NOP","Drummond, Andre -- DET","Lillard, Damian -- POR","Lowry, Kyle -- TOR",2015
Michael Cage,Fox Sports Oklahoma,"Durant, Kevin -- OKC","James, LeBron -- CLE","Green, Draymond -- GS","Westbrook, Russell -- OKC","Curry, Stephen -- GS","Leonard, Kawhi -- SA","DeRozan, DeMar -- TOR","Cousins, DeMarcus -- SAC","Thomas, Isaiah -- BOS","Paul, Chris -- LAC","Harden, James -- HOU","Thompson, Klay -- GS","Davis, Anthony -- NOP","Lillard, Damian -- POR","Lowry, Kyle -- TOR",2015
Michael Smith,Prime Ticket,"Durant, Kevin -- OKC","James, LeBron -- CLE","Cousins, DeMarcus -- SAC","Curry, Stephen -- GS","Westbrook, Russell -- OKC","Leonard, Kawhi -- SA","George, Paul -- IND","Jordan, DeAndre -- LAC","Lillard, Damian -- POR","Paul, Chris -- LAC","Aldridge, LaMarcus -- SA","Green, Draymond -- GS","Drummond, Andre -- DET","Harden, James -- HOU","Thompson, Klay -- GS",2015
Michael Wilbon,ESPN,"Leonard, Kawhi -- SA","James, LeBron -- CLE","Horford, Al -- ATL","Curry, Stephen -- GS","Westbrook, Russell -- OKC","Green, Draymond -- GS","Durant, Kevin -- OKC","Jordan, DeAndre -- LAC","Paul, Chris -- LAC","Lowry, Kyle -- TOR","Aldridge, LaMarcus -- SA","George, Paul -- IND","Cousins, DeMarcus -- SAC","Harden, James -- HOU","Lillard, Damian -- POR",2015
Mike Breen,ABC Sports,"James, LeBron -- CLE","Leonard, Kawhi -- SA","Green, Draymond -- GS","Curry, Stephen -- GS","Westbrook, Russell -- OKC","Durant, Kevin -- OKC","George, Paul -- IND","Jordan, DeAndre -- LAC","Paul, Chris -- LAC","Thompson, Klay -- GS","Davis, Anthony -- NOP","Aldridge, LaMarcus -- SA","Cousins, DeMarcus -- SAC","Lillard, Damian -- POR","Harden, James -- HOU",2015
Mike Fratello,TNT,"Aldridge, LaMarcus -- SA","James, LeBron -- CLE","Gasol, Pau -- CHI","Westbrook, Russell -- OKC","Curry, Stephen -- GS","Green, Draymond -- GS","Leonard, Kawhi -- SA","Jordan, DeAndre -- LAC","DeRozan, DeMar -- TOR","Butler, Jimmy -- CHI","Durant, Kevin -- OKC","Millsap, Paul -- ATL","Drummond, Andre -- DET","Lillard, Damian -- POR","Walker, Kemba -- CHA",2015
Mike Monroe,The Rivard Report,"Leonard, Kawhi -- SA","James, LeBron -- CLE","Drummond, Andre -- DET","Curry, Stephen -- GS","Westbrook, Russell -- OKC","Green, Draymond -- GS","Durant, Kevin -- OKC","Cousins, DeMarcus -- SAC","Lillard, Damian -- POR","Paul, Chris -- LAC","George, Paul -- IND","Thompson, Klay -- GS","Whiteside, Hassan -- MIA","Lowry, Kyle -- TOR","DeRozan, DeMar -- TOR",2015
Mike Rice,Comcast SportsNet NW,"James, LeBron -- CLE","Durant, Kevin -- OKC","Green, Draymond -- GS","Curry, Stephen -- GS","Westbrook, Russell -- OKC","Leonard, Kawhi -- SA","George, Paul -- IND","Cousins, DeMarcus -- SAC","Lillard, Damian -- POR","Harden, James -- HOU","Hayward, Gordon -- UTA","Davis, Anthony -- NOP","Jordan, DeAndre -- LAC","Paul, Chris -- LAC","Parker, Tony -- SA",2015
Mike Tirico,ESPN,"James, LeBron -- CLE","Leonard, Kawhi -- SA","Cousins, DeMarcus -- SAC","Curry, Stephen -- GS","Westbrook, Russell -- OKC","Durant, Kevin -- OKC","Green, Draymond -- GS","Jordan, DeAndre -- LAC","Paul, Chris -- LAC","Thompson, Klay -- GS","Aldridge, LaMarcus -- SA","George, Paul -- IND","Towns, Karl-Anthony -- MIN","Harden, James -- HOU","Lillard, Damian -- POR",2015
Paul Coro,The Arizona Republic,"James, LeBron -- CLE","Durant, Kevin -- OKC","Drummond, Andre -- DET","Curry, Stephen -- GS","Paul, Chris -- LAC","Leonard, Kawhi -- SA","Green, Draymond -- GS","Jordan, DeAndre -- LAC","Westbrook, Russell -- OKC","Lowry, Kyle -- TOR","Millsap, Paul -- ATL","George, Paul -- IND","Cousins, DeMarcus -- SAC","Lillard, Damian -- POR","Harden, James -- HOU",2015
Pete Pranica,Fox Sports Southeast,"James, LeBron -- CLE","Leonard, Kawhi -- SA","Jordan, DeAndre -- LAC","Westbrook, Russell -- OKC","Curry, Stephen -- GS","Durant, Kevin -- OKC","Davis, Anthony -- NOP","Towns, Karl-Anthony -- MIN","Lillard, Damian -- POR","Lowry, Kyle -- TOR","Millsap, Paul -- ATL","Hayward, Gordon -- UTA","Horford, Al -- ATL","DeRozan, DeMar -- TOR","Paul, Chris -- LAC",2015
Phil Chenier,Comcast SportsNet Mid-Atlantic,"James, LeBron -- CLE","Durant, Kevin -- OKC","Jordan, DeAndre -- LAC","Curry, Stephen -- GS","Westbrook, Russell -- OKC","Green, Draymond -- GS","Leonard, Kawhi -- SA","Drummond, Andre -- DET","DeRozan, DeMar -- TOR","Paul, Chris -- LAC","Davis, Anthony -- NOP","George, Paul -- IND","Cousins, DeMarcus -- SAC","Thompson, Klay -- GS","Lillard, Damian -- POR",2015
Ralph Lawler,Prime Ticket,"Leonard, Kawhi -- SA","James, LeBron -- CLE","Jordan, DeAndre -- LAC","Westbrook, Russell -- OKC","Curry, Stephen -- GS","Durant, Kevin -- OKC","Green, Draymond -- GS","Drummond, Andre -- DET","Thompson, Klay -- GS","Paul, Chris -- LAC","Davis, Anthony -- NOP","George, Paul -- IND","Cousins, DeMarcus -- SAC","Lillard, Damian -- POR","Thomas, Isaiah -- BOS",2015
Ramona Shelburne,ESPN.com,"James, LeBron -- CLE","Durant, Kevin -- OKC","Cousins, DeMarcus -- SAC","Curry, Stephen -- GS","Westbrook, Russell -- OKC","Leonard, Kawhi -- SA","George, Paul -- IND","Jordan, DeAndre -- LAC","Lillard, Damian -- POR","Paul, Chris -- LAC","Thompson, Klay -- GS","Millsap, Paul -- ATL","Davis, Anthony -- NOP","Lowry, Kyle -- TOR","Harden, James -- HOU",2015
Ric Bucher,Bleacher Report,"James, LeBron -- CLE","Leonard, Kawhi -- SA","Green, Draymond -- GS","Curry, Stephen -- GS","Westbrook, Russell -- OKC","Durant, Kevin -- OKC","George, Paul -- IND","Cousins, DeMarcus -- SAC","Paul, Chris -- LAC","Lowry, Kyle -- TOR","Millsap, Paul -- ATL","Aldridge, LaMarcus -- SA","Drummond, Andre -- DET","Thompson, Klay -- GS","Lillard, Damian -- POR",2015
Rod Beard,Detroit News,"James, LeBron -- CLE","Durant, Kevin -- OKC","Green, Draymond -- GS","Curry, Stephen -- GS","Westbrook, Russell -- OKC","Leonard, Kawhi -- SA","Davis, Anthony -- NOP","Cousins, DeMarcus -- SAC","Harden, James -- HOU","Paul, Chris -- LAC","Nowitzki, Dirk -- DAL","Aldridge, LaMarcus -- SA","Drummond, Andre -- DET","Thomas, Isaiah -- BOS","Thompson, Klay -- GS",2015
Ron Boone,ROOT Sports,"James, LeBron -- CLE","Leonard, Kawhi -- SA","Jordan, DeAndre -- LAC","Curry, Stephen -- GS","Westbrook, Russell -- OKC","Durant, Kevin -- OKC","Green, Draymond -- GS","Horford, Al -- ATL","Paul, Chris -- LAC","Harden, James -- HOU","Davis, Anthony -- NOP","Millsap, Paul -- ATL","Duncan, Tim -- SA","Lillard, Damian -- POR","Thompson, Klay -- GS",2015
Ron Tillery,Memphis Commercial Appeal,"Leonard, Kawhi -- SA","James, LeBron -- CLE","Cousins, DeMarcus -- SAC","Curry, Stephen -- GS","Westbrook, Russell -- OKC","Durant, Kevin -- OKC","Millsap, Paul -- ATL","Green, Draymond -- GS","Paul, Chris -- LAC","Lillard, Damian -- POR","Gasol, Pau -- CHI","Davis, Anthony -- NOP","Duncan, Tim -- SA","Butler, Jimmy -- CHI","Lowry, Kyle -- TOR",2015
Rusty Simmons,San Francisco Chronicle,"Leonard, Kawhi -- SA","James, LeBron -- CLE","Green, Draymond -- GS","Curry, Stephen -- GS","Westbrook, Russell -- OKC","Durant, Kevin -- OKC","Davis, Anthony -- NOP","Cousins, DeMarcus -- SAC","Paul, Chris -- LAC","Harden, James -- HOU","Thompson, Klay -- GS","George, Paul -- IND","Aldridge, LaMarcus -- SA","Lillard, Damian -- POR","Lowry, Kyle -- TOR",2015
Sage Steele,ABC Sports,"James, LeBron -- CLE","Leonard, Kawhi -- SA","Green, Draymond -- GS","Westbrook, Russell -- OKC","Curry, Stephen -- GS","Durant, Kevin -- OKC","George, Paul -- IND","Jordan, DeAndre -- LAC","Lillard, Damian -- POR","Lowry, Kyle -- TOR","Aldridge, LaMarcus -- SA","Millsap, Paul -- ATL","Cousins, DeMarcus -- SAC","Thompson, Klay -- GS","Paul, Chris -- LAC",2015
Sam Amick,USA Today,"Leonard, Kawhi -- SA","James, LeBron -- CLE","Jordan, DeAndre -- LAC","Westbrook, Russell -- OKC","Curry, Stephen -- GS","Green, Draymond -- GS","Durant, Kevin -- OKC","Drummond, Andre -- DET","Lillard, Damian -- POR","Paul, Chris -- LAC","George, Paul -- IND","Aldridge, LaMarcus -- SA","Davis, Anthony -- NOP","Lowry, Kyle -- TOR","Thompson, Klay -- GS",2015
Sam Smith,Bulls.com,"James, LeBron -- CLE","Durant, Kevin -- OKC","Drummond, Andre -- DET","Curry, Stephen -- GS","Paul, Chris -- LAC","Leonard, Kawhi -- SA","George, Paul -- IND","Cousins, DeMarcus -- SAC","Westbrook, Russell -- OKC","Lillard, Damian -- POR","Aldridge, LaMarcus -- SA","Green, Draymond -- GS","Gasol, Pau -- CHI","Harden, James -- HOU","Thompson, Klay -- GS",2015
Sean Deveney,The Sporting News,"Durant, Kevin -- OKC","James, LeBron -- CLE","Cousins, DeMarcus -- SAC","Curry, Stephen -- GS","Westbrook, Russell -- OKC","Leonard, Kawhi -- SA","Davis, Anthony -- NOP","Drummond, Andre -- DET","Paul, Chris -- LAC","Lowry, Kyle -- TOR","Aldridge, LaMarcus -- SA","George, Paul -- IND","Towns, Karl-Anthony -- MIN","Thomas, Isaiah -- BOS","Lillard, Damian -- POR",2015
Sean Grande,98.5 The Sports Hub,"James, LeBron -- CLE","Leonard, Kawhi -- SA","Cousins, DeMarcus -- SAC","Curry, Stephen -- GS","Westbrook, Russell -- OKC","Durant, Kevin -- OKC","Green, Draymond -- GS","Drummond, Andre -- DET","Paul, Chris -- LAC","Lowry, Kyle -- TOR","Millsap, Paul -- ATL","Butler, Jimmy -- CHI","Horford, Al -- ATL","Thompson, Klay -- GS","Lillard, Damian -- POR",2015
Sean Kelley,WRNO 99.5 FM,"Leonard, Kawhi -- SA","James, LeBron -- CLE","Jordan, DeAndre -- LAC","Westbrook, Russell -- OKC","Curry, Stephen -- GS","Green, Draymond -- GS","Durant, Kevin -- OKC","Aldridge, LaMarcus -- SA","Lowry, Kyle -- TOR","Paul, Chris -- LAC","George, Paul -- IND","Davis, Anthony -- NOP","Cousins, DeMarcus -- SAC","Thompson, Klay -- GS","Lillard, Damian -- POR",2015
Sherman Hamilton,NBA TV Canada,"Leonard, Kawhi -- SA","James, LeBron -- CLE","Aldridge, LaMarcus -- SA","Westbrook, Russell -- OKC","Curry, Stephen -- GS","Green, Draymond -- GS","Durant, Kevin -- OKC","Cousins, DeMarcus -- SAC","Paul, Chris -- LAC","Lowry, Kyle -- TOR","George, Paul -- IND","Thompson, Klay -- GS","Gasol, Pau -- CHI","Lillard, Damian -- POR","Harden, James -- HOU",2015
Sherrod Blakely,CSNNE.com,"James, LeBron -- CLE","Leonard, Kawhi -- SA","Drummond, Andre -- DET","Paul, Chris -- LAC","Curry, Stephen -- GS","Green, Draymond -- GS","Aldridge, LaMarcus -- SA","Cousins, DeMarcus -- SAC","Lowry, Kyle -- TOR","Westbrook, Russell -- OKC","Durant, Kevin -- OKC","George, Paul -- IND","Jordan, DeAndre -- LAC","Harden, James -- HOU","Lillard, Damian -- POR",2015
Stefan Bondy,New York Daily News,"James, LeBron -- CLE","Leonard, Kawhi -- SA","Green, Draymond -- GS","Paul, Chris -- LAC","Curry, Stephen -- GS","Durant, Kevin -- OKC","George, Paul -- IND","Cousins, DeMarcus -- SAC","Lillard, Damian -- POR","Westbrook, Russell -- OKC","Aldridge, LaMarcus -- SA","Millsap, Paul -- ATL","Drummond, Andre -- DET","Lowry, Kyle -- TOR","Harden, James -- HOU",2015
Stephanie Ready,Fox Sports Carolinas/SportSouth,"Durant, Kevin -- OKC","James, LeBron -- CLE","Cousins, DeMarcus -- SAC","Curry, Stephen -- GS","Westbrook, Russell -- OKC","Green, Draymond -- GS","Leonard, Kawhi -- SA","Gasol, Pau -- CHI","Paul, Chris -- LAC","Thompson, Klay -- GS","George, Paul -- IND","Aldridge, LaMarcus -- SA","Drummond, Andre -- DET","Lillard, Damian -- POR","Harden, James -- HOU",2015
Steve Aschburner,NBA.com,"Leonard, Kawhi -- SA","James, LeBron -- CLE","Drummond, Andre -- DET","Curry, Stephen -- GS","Westbrook, Russell -- OKC","Green, Draymond -- GS","Durant, Kevin -- OKC","Jordan, DeAndre -- LAC","Paul, Chris -- LAC","Lillard, Damian -- POR","Millsap, Paul -- ATL","George, Paul -- IND","Cousins, DeMarcus -- SAC","Thompson, Klay -- GS","Lowry, Kyle -- TOR",2015
Steve Buckhantz,Comcast SportsNet Mid-Atlantic,"Durant, Kevin -- OKC","James, LeBron -- CLE","Drummond, Andre -- DET","Curry, Stephen -- GS","Westbrook, Russell -- OKC","Leonard, Kawhi -- SA","Green, Draymond -- GS","Jordan, DeAndre -- LAC","Paul, Chris -- LAC","Lillard, Damian -- POR","George, Paul -- IND","Davis, Anthony -- NOP","Cousins, DeMarcus -- SAC","Harden, James -- HOU","Thompson, Klay -- GS",2015
Steve Holman,Hawks Radio Network,"Green, Draymond -- GS","Leonard, Kawhi -- SA","Jordan, DeAndre -- LAC","Curry, Stephen -- GS","Westbrook, Russell -- OKC","James, LeBron -- CLE","Durant, Kevin -- OKC","Drummond, Andre -- DET","Lillard, Damian -- POR","Paul, Chris -- LAC","George, Paul -- IND","Millsap, Paul -- ATL","Horford, Al -- ATL","Harden, James -- HOU","Lowry, Kyle -- TOR",2015
Steve Martin,Fox Sports Carolinas/SportSouth,"James, LeBron -- CLE","Durant, Kevin -- OKC","Drummond, Andre -- DET","Curry, Stephen -- GS","Westbrook, Russell -- OKC","George, Paul -- IND","Leonard, Kawhi -- SA","Cousins, DeMarcus -- SAC","Lillard, Damian -- POR","DeRozan, DeMar -- TOR","Green, Draymond -- GS","Aldridge, LaMarcus -- SA","Towns, Karl-Anthony -- MIN","Walker, Kemba -- CHA","Harden, James -- HOU",2015
Ted Davis,WTMJ Radio,"James, LeBron -- CLE","Leonard, Kawhi -- SA","Green, Draymond -- GS","Westbrook, Russell -- OKC","Curry, Stephen -- GS","Durant, Kevin -- OKC","Davis, Anthony -- NOP","Cousins, DeMarcus -- SAC","Thompson, Klay -- GS","Paul, Chris -- LAC","Harden, James -- HOU","George, Paul -- IND","Drummond, Andre -- DET","Lillard, Damian -- POR","Lowry, Kyle -- TOR",2015
Tim Kempton,KTAR Radio,"James, LeBron -- CLE","Durant, Kevin -- OKC","Cousins, DeMarcus -- SAC","Curry, Stephen -- GS","Westbrook, Russell -- OKC","Leonard, Kawhi -- SA","Davis, Anthony -- NOP","Towns, Karl-Anthony -- MIN","Paul, Chris -- LAC","Thomas, Isaiah -- BOS","Aldridge, LaMarcus -- SA","Green, Draymond -- GS","Whiteside, Hassan -- MIA","Thompson, Klay -- GS","Lillard, Damian -- POR",2015
Tim Reynolds,Associated Press,"James, LeBron -- CLE","Leonard, Kawhi -- SA","Jordan, DeAndre -- LAC","Curry, Stephen -- GS","Westbrook, Russell -- OKC","Durant, Kevin -- OKC","Green, Draymond -- GS","Towns, Karl-Anthony -- MIN","Paul, Chris -- LAC","Thompson, Klay -- GS","George, Paul -- IND","Aldridge, LaMarcus -- SA","Drummond, Andre -- DET","Lowry, Kyle -- TOR","Lillard, Damian -- POR",2015
Tom McGinnis,Sixers Radio,"James, LeBron -- CLE","Durant, Kevin -- OKC","Cousins, DeMarcus -- SAC","Curry, Stephen -- GS","Paul, Chris -- LAC","George, Paul -- IND","Leonard, Kawhi -- SA","Drummond, Andre -- DET","Westbrook, Russell -- OKC","Lillard, Damian -- POR","Green, Draymond -- GS","Aldridge, LaMarcus -- SA","Towns, Karl-Anthony -- MIN","Harden, James -- HOU","Thompson, Klay -- GS",2015
Zach Lowe,ESPN.com,"Leonard, Kawhi -- SA","James, LeBron -- CLE","Jordan, DeAndre -- LAC","Curry, Stephen -- GS","Westbrook, Russell -- OKC","Green, Draymond -- GS","Durant, Kevin -- OKC","Horford, Al -- ATL","Lowry, Kyle -- TOR","Paul, Chris -- LAC","George, Paul -- IND","Millsap, Paul -- ATL","Towns, Karl-Anthony -- MIN","Lillard, Damian -- POR","Thompson, Klay -- GS",2015
